{"serial": "220422302296", "K": [[241.72357177734375, 0.0, 245.85147094726562], [0.0, 241.4726104736328, 139.08302307128906], [0.0, 0.0, 1.0]], "resolution": [480, 270], "timestamps": [0.02151036262512207, 0.03982281684875488, 0.05799746513366699, 0.07635831832885742, 0.18683338165283203, 0.20385050773620605, 0.2221212387084961, 0.24035215377807617, 0.2585783004760742, 0.2768073081970215, 0.2950770854949951, 0.31326937675476074, 0.3315300941467285, 0.34975218772888184, 0.3679652214050293, 0.38619351387023926, 0.40442681312561035, 0.4227113723754883, 0.4408862590789795, 0.4590761661529541, 0.4773128032684326, 0.4955418109893799, 0.5137672424316406, 0.5319976806640625, 0.5502471923828125, 0.5684850215911865, 0.5867393016815186, 0.6050138473510742, 0.6232001781463623, 0.6414124965667725, 0.6596677303314209, 0.6779060363769531, 0.696099042892456, 0.7143406867980957, 0.7326838970184326, 0.7508113384246826, 0.7690808773040771, 0.7873318195343018, 0.8055751323699951, 0.8238065242767334, 0.8420248031616211, 0.8602590560913086, 0.8784778118133545, 0.8967411518096924, 0.9149436950683594, 0.9331796169281006, 0.9514098167419434, 0.9696691036224365, 0.9878828525543213, 1.006115198135376, 1.0243406295776367, 1.042578935623169, 1.0607917308807373, 1.0790143013000488, 1.097266674041748, 1.1154968738555908, 1.1337339878082275, 1.1519629955291748, 1.1701645851135254, 1.188422679901123, 1.2065894603729248, 1.2248730659484863, 1.2431001663208008, 1.2613294124603271, 1.2795588970184326, 1.297816276550293, 1.3160419464111328, 1.3342759609222412, 1.3525094985961914, 1.370755672454834, 1.388953447341919, 1.407200574874878, 1.4254069328308105, 1.4436628818511963, 1.4618887901306152, 1.4801199436187744, 1.4983596801757812, 1.5166172981262207, 1.5348224639892578, 1.5530645847320557, 1.5712873935699463, 1.5895304679870605, 1.6077680587768555, 1.625992774963379, 1.644214153289795, 1.6624424457550049, 1.6806764602661133, 1.698901891708374, 1.7171378135681152, 1.7353379726409912, 1.7535998821258545, 1.7718091011047363, 1.7900590896606445, 1.8082873821258545, 1.8265252113342285, 1.8447632789611816, 1.862966537475586, 1.8812167644500732, 1.89943265914917, 1.9176898002624512, 1.9358892440795898, 1.954150676727295, 1.9723529815673828, 1.9906060695648193, 2.0088372230529785, 2.027045488357544, 2.045274257659912, 2.0635156631469727, 2.0817837715148926, 2.0999956130981445, 2.1182351112365723, 2.1364681720733643, 2.1546831130981445, 2.172893762588501, 2.191162586212158, 2.2093286514282227, 2.227598190307617, 2.245826482772827, 2.2640652656555176, 2.2823095321655273, 2.3005423545837402, 2.3187623023986816, 2.3369827270507812, 2.3552353382110596, 2.373441696166992, 2.391709327697754, 2.4099059104919434, 2.42814564704895, 2.4464118480682373, 2.4645674228668213, 2.4828038215637207, 2.501035213470459, 2.519256114959717, 2.5375254154205322, 2.5557451248168945, 2.5739424228668213, 2.5921905040740967, 2.610429286956787, 2.6286754608154297, 2.6468894481658936, 2.6651039123535156, 2.6833572387695312, 2.7015976905822754, 2.719815254211426, 2.7380425930023193, 2.756333827972412, 2.7745516300201416, 2.792825937271118, 2.8110480308532715, 2.8292784690856934, 2.847510576248169, 2.865732192993164, 2.88396954536438, 2.9021949768066406, 2.9204249382019043, 2.938666820526123, 2.956894636154175, 2.9750945568084717, 2.9933230876922607, 3.0115795135498047, 3.029827117919922, 3.0480287075042725, 3.066258430480957, 3.0845088958740234, 3.102776527404785, 3.120897054672241, 3.139178514480591, 3.1574223041534424, 3.175668239593506, 3.193882703781128, 3.212052822113037, 3.2303318977355957, 3.2485921382904053, 3.266798734664917, 3.2850310802459717, 3.303264617919922, 3.3214917182922363, 3.3397538661956787, 3.357962131500244, 3.376194477081299, 3.3944344520568848, 3.4126949310302734, 3.4308855533599854, 3.449066400527954, 3.4673516750335693, 3.4856200218200684, 3.503814935684204, 3.522050619125366, 3.5402772426605225, 3.5585227012634277, 3.5767624378204346, 3.5949783325195312, 3.6131980419158936, 3.6314504146575928, 3.649608850479126, 3.667884111404419, 3.6861073970794678, 3.704340696334839, 3.7225863933563232, 3.740809202194214, 3.7590105533599854, 3.777254104614258, 3.795534372329712, 3.813746929168701, 3.831963300704956, 3.850224733352661, 3.8684568405151367, 3.8867006301879883, 3.904910087585449, 3.923153877258301, 3.9413681030273438, 3.9595959186553955, 3.977843761444092, 3.996079206466675, 4.014258146286011, 4.032568454742432, 4.050802707672119, 4.06900429725647, 4.087239027023315, 4.105466365814209, 4.123724460601807, 4.14190673828125, 4.160160541534424, 4.178356647491455, 4.196619272232056, 4.2148613929748535, 4.233079671859741, 4.251312494277954, 4.269549608230591, 4.287784814834595, 4.305995464324951, 4.324233770370483, 4.342456579208374, 4.360714912414551, 4.378911018371582, 4.397141933441162, 4.415378093719482, 4.4335503578186035, 4.45178484916687, 4.470043659210205, 4.488268613815308, 4.506509780883789, 4.524744033813477, 4.542987585067749, 4.5611913204193115, 4.579428195953369, 4.597663879394531, 4.6158833503723145, 4.634124040603638, 4.652359962463379, 4.670604705810547, 4.6888182163238525, 4.707043886184692, 4.725330352783203, 4.743568181991577, 4.7617926597595215, 4.780021905899048, 4.798251628875732, 4.816479921340942, 4.834746837615967, 4.852943181991577, 4.8711771965026855, 4.889413833618164, 4.907670497894287, 4.925877094268799, 4.9441139698028564, 4.962344408035278, 4.980575799942017, 4.998806953430176, 5.017015218734741, 5.035280227661133, 5.053461313247681, 5.071706771850586, 5.0899574756622314, 5.108184576034546, 5.126416921615601, 5.144677639007568, 5.162881135940552, 5.181106805801392, 5.199299573898315, 5.217580318450928, 5.235752820968628, 5.254031658172607, 5.27227258682251, 5.290497303009033, 5.30874228477478, 5.326908111572266, 5.345196008682251, 5.363427400588989, 5.381689071655273, 5.3998823165893555, 5.418076276779175, 5.436312437057495, 5.454543590545654, 5.472832679748535, 5.491073846817017, 5.5092527866363525, 5.527527332305908, 5.545776844024658, 5.564008951187134, 5.582225322723389, 5.600462913513184, 5.618726015090942, 5.63692569732666, 5.655151605606079, 5.673380136489868, 5.691641092300415, 5.709848880767822, 5.728075742721558, 5.746307373046875, 5.764537811279297, 5.782799005508423, 5.8010053634643555, 5.819234609603882, 5.837414026260376, 5.855714797973633, 5.873934030532837, 5.89215874671936, 5.910397529602051, 5.928657054901123, 5.94686222076416, 5.965093612670898, 5.983332633972168, 6.0015788078308105, 6.019749164581299, 6.03804087638855, 6.056289434432983, 6.074482440948486, 6.092674016952515, 6.110949277877808, 6.1291821002960205, 6.1474058628082275, 6.165651559829712, 6.183873414993286, 6.202104330062866, 6.220342397689819, 6.238589763641357, 6.2567994594573975, 6.275001049041748, 6.293263912200928, 6.311492443084717, 6.329736232757568, 6.347911596298218, 6.366153001785278, 6.384418964385986, 6.40267014503479, 6.4208760261535645, 6.43911600112915, 6.4572913646698, 6.475526809692383, 6.493749380111694, 6.511996746063232, 6.530219554901123, 6.548449516296387, 6.566683769226074, 6.584939002990723, 6.603146553039551, 6.6213812828063965, 6.639617443084717, 6.657835006713867, 6.676062345504761, 6.694295167922974, 6.7125279903411865, 6.730823516845703, 6.749045133590698, 6.767274379730225, 6.785512208938599, 6.803770542144775, 6.821964502334595, 6.840202808380127, 6.858431816101074, 6.87669563293457, 6.894899368286133, 6.9131293296813965, 6.931354522705078, 6.949546813964844, 6.96778678894043, 6.986021280288696, 7.004242897033691, 7.022485733032227, 7.040735483169556, 7.058939695358276, 7.077174663543701, 7.095458030700684, 7.1136980056762695, 7.131904363632202, 7.150141716003418, 7.1683619022369385, 7.186612606048584, 7.204833269119263, 7.223069190979004, 7.241253614425659, 7.259535074234009, 7.277730941772461, 7.295989751815796, 7.314151287078857, 7.332460165023804, 7.3507068157196045, 7.368922710418701, 7.387103080749512, 7.405374765396118, 7.4235756397247314, 