{"serial": "234222303707", "K": [[241.90675354003906, 0.0, 241.52879333496094], [0.0, 241.61395263671875, 135.599853515625], [0.0, 0.0, 1.0]], "resolution": [480, 270], "timestamps": [0.030896902084350586, 0.04914498329162598, 0.06748771667480469, 0.08560061454772949, 0.20566868782043457, 0.21326160430908203, 0.23149418830871582, 0.24972009658813477, 0.2679429054260254, 0.28617429733276367, 0.3043961524963379, 0.3226618766784668, 0.34086155891418457, 0.35909557342529297, 0.3773193359375, 0.39560627937316895, 0.4137866497039795, 0.43193960189819336, 0.4501957893371582, 0.4684426784515381, 0.48668909072875977, 0.5049011707305908, 0.5231304168701172, 0.5413391590118408, 0.559638500213623, 0.5778350830078125, 0.5960993766784668, 0.6143290996551514, 0.6325461864471436, 0.6507806777954102, 0.6690113544464111, 0.6872396469116211, 0.7054603099822998, 0.7236924171447754, 0.7418982982635498, 0.7602119445800781, 0.7784276008605957, 0.7966938018798828, 0.8148822784423828, 0.8331248760223389, 0.8513479232788086, 0.8695569038391113, 0.8878207206726074, 0.9060392379760742, 0.924269437789917, 0.9425387382507324, 0.9606788158416748, 0.9789259433746338, 0.9972190856933594, 1.0154204368591309, 1.0336055755615234, 1.0518810749053955, 1.0701141357421875, 1.0883443355560303, 1.1065890789031982, 1.1248064041137695, 1.1430385112762451, 1.1612739562988281, 1.1795105934143066, 1.197768211364746, 1.2159955501556396, 1.234210729598999, 1.2524394989013672, 1.2707128524780273, 1.2889037132263184, 1.307136058807373, 1.3253672122955322, 1.3436150550842285, 1.3618276119232178, 1.3800544738769531, 1.3982901573181152, 1.4165267944335938, 1.4347589015960693, 1.4529449939727783, 1.4712207317352295, 1.4894633293151855, 1.5077087879180908, 1.5259251594543457, 1.5441467761993408, 1.5623798370361328, 1.5806546211242676, 1.5988566875457764, 1.617074728012085, 1.6353061199188232, 1.653578758239746, 1.671776533126831, 1.6900017261505127, 1.7082366943359375, 1.7264647483825684, 1.7447195053100586, 1.7629263401031494, 1.781158447265625, 1.7993898391723633, 1.8176562786102295, 1.835860013961792, 1.8540501594543457, 1.8723225593566895, 1.890596866607666, 1.9087836742401123, 1.9270119667053223, 1.9452486038208008, 1.9635038375854492, 1.9817304611206055, 1.9999394416809082, 2.01811146736145, 2.0363993644714355, 2.0546653270721436, 2.072868824005127, 2.0910937786102295, 2.109276294708252, 2.127614736557007, 2.1457371711730957, 2.1640231609344482, 2.1822502613067627, 2.2004857063293457, 2.218722343444824, 2.2369437217712402, 2.2551727294921875, 2.2734034061431885, 2.291585922241211, 2.309871196746826, 2.3280978202819824, 2.3463289737701416, 2.3645730018615723, 2.3827929496765137, 2.4010250568389893, 2.4192190170288086, 2.437493324279785, 2.4557015895843506, 2.4739158153533936, 2.492138147354126, 2.510403633117676, 2.5286550521850586, 2.546849012374878, 2.5650787353515625, 2.5832951068878174, 2.6015334129333496, 2.619764804840088, 2.6379973888397217, 2.6562275886535645, 2.6744656562805176, 2.6927103996276855, 2.7109227180480957, 2.7292144298553467, 2.747446298599243, 2.7657008171081543, 2.7839019298553467, 2.802135467529297, 2.820366621017456, 2.8386054039001465, 2.8568339347839355, 2.8750572204589844, 2.8932902812957764, 2.9115312099456787, 2.9297733306884766, 2.947991132736206, 2.9662160873413086, 2.984445095062256, 3.0027084350585938, 3.020909547805786, 3.039144277572632, 3.0573856830596924, 3.075648307800293, 3.0938363075256348, 3.112069845199585, 3.130297899246216, 3.1485373973846436, 3.1667888164520264, 3.1849966049194336, 3.203234910964966, 3.2214653491973877, 3.239736318588257, 3.2579236030578613, 3.2761638164520264, 3.294386386871338, 3.31264066696167, 3.330850124359131, 3.3490822315216064, 3.3673102855682373, 3.385516881942749, 3.4038100242614746, 3.4220101833343506, 3.4402353763580322, 3.4584710597991943, 3.476735830307007, 3.4949357509613037, 3.513167142868042, 3.5313992500305176, 3.549666166305542, 3.5678677558898926, 3.5861008167266846, 3.6043317317962646, 3.622584581375122, 3.6408138275146484, 3.6590356826782227, 3.677215099334717, 3.695491075515747, 3.713747262954712, 3.7319600582122803, 3.7501513957977295, 3.7683770656585693, 3.786724328994751, 3.8048911094665527, 3.8231120109558105, 3.8413355350494385, 3.859518051147461, 3.8777999877929688, 3.896042585372925, 3.914276123046875, 3.932493209838867, 3.9507570266723633, 3.9689559936523438, 3.987187147140503, 4.005425453186035, 4.023617506027222, 4.041906833648682, 4.060067415237427, 4.078346490859985, 4.096609115600586, 4.114809513092041, 4.133042335510254, 4.151285171508789, 4.1695029735565186, 4.187786340713501, 4.205939054489136, 4.224224328994751, 4.242433071136475, 4.2606871128082275, 4.2789037227630615, 4.297128677368164, 4.315354347229004, 4.333606719970703, 4.3518195152282715, 4.370053291320801, 4.388285875320435, 4.406520843505859, 4.4247918128967285, 4.442912340164185, 4.46114182472229, 4.479389905929565, 4.4976465702056885, 4.515865087509155, 4.534079551696777, 4.55232572555542, 4.57059383392334, 4.588775396347046, 4.607007026672363, 4.6252405643463135, 4.643478631973267, 4.661712646484375, 4.679927587509155, 4.698155879974365, 4.716391563415527, 4.734685897827148, 4.752900838851929, 4.7711334228515625, 4.789360523223877, 4.807615041732788, 4.82583475112915, 4.8440539836883545, 4.862287998199463, 4.8805201053619385, 4.898767471313477, 4.916982889175415, 4.935217380523682, 4.953451871871948, 4.971715211868286, 4.989914417266846, 5.008150100708008, 5.026417255401611, 5.0446484088897705, 5.062855005264282, 5.081083536148071, 5.099311113357544, 5.117534160614014, 5.135771036148071, 5.153997421264648, 5.1722252368927, 5.190454959869385, 5.208726644515991, 5.22692084312439, 5.245158433914185, 5.263390064239502, 5.281646251678467, 5.299798488616943, 5.318077087402344, 5.33630895614624, 5.354546785354614, 5.37277889251709, 5.391002178192139, 5.40923547744751, 5.427425384521484, 5.445716381072998, 5.463892698287964, 5.482234716415405, 5.500414609909058, 5.518669128417969, 5.536863088607788, 5.55507755279541, 5.5733349323272705, 5.591572999954224, 5.609764099121094, 5.628092288970947, 5.646263599395752, 5.664499998092651, 5.682738780975342, 5.700924396514893, 5.719188690185547, 5.737422943115234, 5.755660057067871, 5.77388334274292, 5.792120456695557, 5.81037163734436, 5.828590631484985, 5.846816778182983, 5.865047216415405, 5.883271932601929, 5.901460647583008, 5.9197001457214355, 5.937999725341797, 5.956203937530518, 5.974487066268921, 5.992607355117798, 6.010822296142578, 6.0291428565979, 6.047377109527588, 6.065615653991699, 6.083827495574951, 6.102048635482788, 6.120277643203735, 6.138511419296265, 6.156750440597534, 6.174998760223389, 6.19321346282959, 6.211459636688232, 6.229701995849609, 6.247920751571655, 6.2660932540893555, 6.28438401222229, 6.3026018142700195, 6.320824861526489, 6.339057207107544, 6.357335567474365, 6.375527381896973, 6.393766164779663, 6.411983013153076, 6.430216073989868, 6.4484052658081055, 6.466667175292969, 6.4848833084106445, 6.503089666366577, 6.52137303352356, 6.539585113525391, 6.557795286178589, 6.57602596282959, 6.594255447387695, 6.612500429153442, 6.630730867385864, 6.6489481925964355, 6.667175769805908, 6.685407400131226, 6.7036542892456055, 6.7218756675720215, 6.740157604217529, 6.758382081985474, 6.776638746261597, 6.794846534729004, 6.813082933425903, 6.831307888031006, 6.849547863006592, 6.867770433425903, 6.886007070541382, 6.904233455657959, 6.922466993331909, 6.94066309928894, 6.958899974822998, 6.977141857147217, 6.995361804962158, 7.0136237144470215, 7.031820058822632, 7.050090074539185, 7.068297386169434, 7.086517572402954, 7.104763031005859, 7.123028755187988, 7.141254425048828, 7.159472703933716, 7.177735328674316, 7.195912837982178, 7.214120864868164, 7.232419013977051, 7.250617742538452, 7.2688376903533936, 7.287115812301636, 7.3053364753723145, 7.323529958724976, 7.34180212020874, 7.3600075244903564, 7.378258466720581, 7.396499156951904, 7.41474723815918, 7.433002471923828, 