{"serial": "234222302164", "K": [[242.44345092773438, 0.0, 240.6343231201172], [0.0, 242.1307830810547, 136.59190368652344], [0.0, 0.0, 1.0]], "resolution": [480, 270], "timestamps": [0.03633761405944824, 0.054541587829589844, 0.07281732559204102, 0.09099197387695312, 0.20503950119018555, 0.21871256828308105, 0.23690176010131836, 0.25513744354248047, 0.27339649200439453, 0.2915992736816406, 0.3098323345184326, 0.3280491828918457, 0.3462815284729004, 0.3645167350769043, 0.3827545642852783, 0.40097904205322266, 0.4192085266113281, 0.4374382495880127, 0.45566463470458984, 0.473891019821167, 0.49212169647216797, 0.5103588104248047, 0.5286076068878174, 0.5468134880065918, 0.5650606155395508, 0.5832881927490234, 0.6015379428863525, 0.6197676658630371, 0.6379756927490234, 0.6562018394470215, 0.6744658946990967, 0.6926620006561279, 0.7108752727508545, 0.7291750907897949, 0.7473540306091309, 0.7656469345092773, 0.7838554382324219, 0.8020763397216797, 0.8203251361846924, 0.838555097579956, 0.8567855358123779, 0.8749632835388184, 0.893235445022583, 0.9114887714385986, 0.9297077655792236, 0.9479291439056396, 0.9661991596221924, 0.9843525886535645, 1.0026719570159912, 1.0208706855773926, 1.0390985012054443, 1.0573475360870361, 1.0756020545959473, 1.0937955379486084, 1.1120307445526123, 1.130265474319458, 1.1485164165496826, 1.1667258739471436, 1.1849379539489746, 1.2031166553497314, 1.2214062213897705, 1.2396478652954102, 1.257864236831665, 1.2760958671569824, 1.2943406105041504, 1.3125557899475098, 1.330794095993042, 1.349024772644043, 1.367255687713623, 1.3854825496673584, 1.4037232398986816, 1.4219489097595215, 1.4401280879974365, 1.4584074020385742, 1.476651906967163, 1.4948756694793701, 1.5131049156188965, 1.5313384532928467, 1.5495829582214355, 1.5678014755249023, 1.5860307216644287, 1.604203224182129, 1.6224989891052246, 1.6407325267791748, 1.6589584350585938, 1.6771867275238037, 1.6954174041748047, 1.7136666774749756, 1.7318873405456543, 1.7501146793365479, 1.7683417797088623, 1.7865819931030273, 1.8048086166381836, 1.8230419158935547, 1.8412868976593018, 1.8595516681671143, 1.8777601718902588, 1.895993709564209, 1.914222240447998, 1.9324533939361572, 1.9506945610046387, 1.9689292907714844, 1.9871270656585693, 2.00529146194458, 2.0235962867736816, 2.041823387145996, 2.0600738525390625, 2.078299045562744, 2.096515655517578, 2.114774703979492, 2.132997751235962, 2.151235818862915, 2.1694488525390625, 2.1876814365386963, 2.20588755607605, 2.224116563796997, 2.242460012435913, 2.26069974899292, 2.278923749923706, 2.297152519226074, 2.31538462638855, 2.333641529083252, 2.351851463317871, 2.370079517364502, 2.3883097171783447, 2.4065468311309814, 2.4247231483459473, 2.443007469177246, 2.4611258506774902, 2.4793508052825928, 2.497596502304077, 2.5158426761627197, 2.534055233001709, 2.552280902862549, 2.5705106258392334, 2.5887410640716553, 2.606966018676758, 2.62520432472229, 2.643416166305542, 2.661648750305176, 2.6799020767211914, 2.698108196258545, 2.7163450717926025, 2.734577178955078, 2.752861499786377, 2.771090269088745, 2.789318323135376, 2.8075461387634277, 2.825782537460327, 2.844022512435913, 2.862241506576538, 2.8804900646209717, 2.898712635040283, 2.9169328212738037, 2.9351654052734375, 2.953404664993286, 2.9716391563415527, 2.9898598194122314, 3.0080955028533936, 3.0263264179229736, 3.044558048248291, 3.0628063678741455, 3.0809743404388428, 3.0992445945739746, 3.1174771785736084, 3.1357274055480957, 3.153942108154297, 3.172183036804199, 3.190416097640991, 3.2086000442504883, 3.2268707752227783, 3.2451186180114746, 3.263343095779419, 3.28157377243042, 3.299792528152466, 3.3180387020111084, 3.3362011909484863, 3.354499101638794, 3.3727285861968994, 3.390964984893799, 3.409189224243164, 3.4274446964263916, 3.4456818103790283, 3.463892698287964, 3.482114553451538, 3.5002870559692383, 3.51857852935791, 3.5368034839630127, 3.555039882659912, 3.5732808113098145, 3.591505527496338, 3.6097354888916016, 3.6279406547546387, 3.646151304244995, 3.6644389629364014, 3.6827023029327393, 3.7009060382843018, 3.719144582748413, 3.737382411956787, 3.7555794715881348, 3.773792266845703, 3.792090654373169, 3.8103113174438477, 3.828524589538574, 3.8467791080474854, 3.8649978637695312, 3.8832178115844727, 3.9014532566070557, 3.9196925163269043, 3.9379210472106934, 3.9561386108398438, 3.9743802547454834, 3.9925734996795654, 4.0107903480529785, 4.029105186462402, 4.047313451766968, 4.065538167953491, 4.083712816238403, 4.101994037628174, 4.1202309131622314, 4.138453245162964, 4.156695365905762, 4.174907445907593, 4.193100929260254, 4.211413621902466, 4.229649305343628, 4.247851848602295, 4.266109466552734, 4.284331560134888, 4.302556037902832, 4.320800304412842, 4.339037179946899, 4.357259035110474, 4.37548828125, 4.393725872039795, 4.411936283111572, 4.430116415023804, 4.448343515396118, 4.466595888137817, 4.484825134277344, 4.503056049346924, 4.521289110183716, 4.539510726928711, 4.557735204696655, 4.575981378555298, 4.594208002090454, 4.612426280975342, 4.630680322647095, 4.648893356323242, 4.667165040969849, 4.6853673458099365, 4.703607797622681, 4.721822023391724, 4.740118503570557, 4.758335590362549, 4.776576995849609, 4.794816017150879, 4.813040733337402, 4.831274747848511, 4.849491834640503, 4.86773157119751, 4.885970592498779, 4.9042346477508545, 4.922423839569092, 4.940647840499878, 4.958875894546509, 4.977102994918823, 4.995334625244141, 5.013577699661255, 5.031830787658691, 5.050001621246338, 5.068236589431763, 5.086536645889282, 5.104777812957764, 5.122978448867798, 5.141247272491455, 5.159436464309692, 5.17768406867981, 5.195841550827026, 5.214123487472534, 5.232356309890747, 5.25063681602478, 5.268779993057251, 5.287076711654663, 5.305304288864136, 5.32353138923645, 5.341755390167236, 5.359932899475098, 5.3781750202178955, 5.396444797515869, 5.414700508117676, 5.432919979095459, 5.451084136962891, 5.469383001327515, 5.487543344497681, 5.505844593048096, 5.52410888671875, 5.5423078536987305, 5.560594081878662, 5.578766822814941, 5.59701132774353, 5.615250587463379, 5.63346004486084, 5.651697397232056, 5.669912338256836, 5.688143968582153, 5.706375598907471, 5.72461724281311, 5.74285626411438, 5.761082172393799, 5.779253959655762, 5.7975475788116455, 5.8158018589019775, 5.8339478969573975, 5.852229833602905, 5.870457649230957, 5.888700485229492, 5.906922101974487, 5.925154447555542, 5.943386793136597, 5.961624622344971, 5.97984766960144, 5.998080492019653, 6.016271352767944, 6.03454852104187, 6.052797555923462, 6.071007490158081, 6.08918309211731, 6.107469797134399, 6.125689744949341, 6.1439526081085205, 6.162168979644775, 6.180410861968994, 6.198648929595947, 6.216846466064453, 6.2351014614105225, 6.253330230712891, 6.2715559005737305, 6.28980565071106, 6.30801796913147, 6.326268196105957, 6.344454050064087, 6.362735986709595, 6.380981683731079, 6.399187326431274, 6.417487621307373, 6.435733079910278, 6.453839063644409, 6.472047567367554, 6.490281581878662, 6.508544683456421, 6.526774883270264, 6.544965744018555, 6.5632219314575195, 6.581425428390503, 6.599738359451294, 6.617926120758057, 6.636131286621094, 6.654365539550781, 6.672612428665161, 6.690821170806885, 6.709056377410889, 6.727341890335083, 6.745595932006836, 6.763803720474243, 6.782032012939453, 6.800265312194824, 6.8184919357299805, 6.836760997772217, 6.854977607727051, 6.873186826705933, 6.891420364379883, 6.909679889678955, 6.927888870239258, 6.946066856384277, 6.964321613311768, 6.982568979263306, 7.0007805824279785, 7.019013404846191, 7.037269592285156, 7.055514574050903, 7.073716640472412, 7.091949701309204, 7.1102330684661865, 7.128459215164185, 7.146699666976929, 7.164915323257446, 7.183141469955444, 7.201314926147461, 7.219587087631226, 7.2377893924713135, 7.256068468093872, 7.27424430847168, 7.2925333976745605, 7.3107593059539795, 7.328998565673828, 7.347223281860352, 7.3654515743255615, 7.383640289306641, 7.40191125869751, 7.420140027999878, 7.43838095664978, 7.456572771072388, 